{
  "base_model": "sentence-transformers/all-MiniLM-L6-v2",
  "training_examples": 94763,
  "validation_examples": 10530,
  "num_symptoms": 342,
  "epochs": 5,
  "macro_f1_base": 0.39223594460089445,
  "micro_f1_base": 0.47150997150997154,
  "macro_f1_finetuned": 0.9112158854692496,
  "micro_f1_finetuned": 0.9142450142450143,
  "macro_improvement_pct": 132.31320280868812,
  "micro_improvement_pct": 93.89728096676735,
  "avg_conf_base": 0.5520422905683517,
  "avg_conf_finetuned": 0.895527470111847,
  "output_path": "/content/drive/MyDrive/Colab Notebooks/CS425 GenAI for NLC"
}